{"CurrentDNA":200,"Basic_ATK":145.0,"Basic_HP":190.0,"ATKUpgradeRate":1.4999995231628419,"UTLUpgradeRate":1.4999995231628419,"CoinAcquisitionRate":91.0,"MaintenanceHealRate":1.9000002145767213}