{"CurrentDNA":20,"Basic_ATK":125.0,"Basic_HP":100.0,"ATKUpgradeRate":1.4499995708465577,"UTLUpgradeRate":1.4499995708465577,"CoinAcquisitionRate":1.9000002145767213,"MaintenanceHealRate":1.0}