{"CurrentDNA":20,"Basic_ATK":100.0,"Basic_HP":150.0,"ATKUpgradeRate":1.0,"UTLUpgradeRate":1.4499995708465577,"CoinAcquisitionRate":91.0,"MaintenanceHealRate":1.9000002145767213}