{"CurrentDNA":28,"Basic_ATK":145.0,"Basic_HP":170.0,"ATKUpgradeRate":1.4999995231628419,"UTLUpgradeRate":1.4999995231628419,"CoinAcquisitionRate":1.9000002145767213,"MaintenanceHealRate":1.0}